{
  "Epsilon": 0.05000000000000005,
  "EpsilonDecay": 0.995,
  "EpisodesCompleted": 100,
  "BestMinerals": 92,
  "SavedAt": "2026-03-12T21:30:24.9194382Z"
}