{"4,2,0,2,2,1":[9.549610505611149,10.184982196959947,8.379555748975216,0],"4,2,0,0,2,1":[11.03864744477681,10.042272247226869,11.094432141683805,0],"4,1,0,2,2,1":[3.2315494587672373,1.394406965917007,0.6207809055133771,0],"4,1,1,2,2,1":[2.535610762932184,0.8080158973636473,0,0],"4,1,0,0,2,1":[2.2388680976744597,3.344306506483228,3.285740856085624,0],"4,0,0,2,2,1":[5.134936832543343,3.933818000840144,4.100999396489464,0],"4,0,0,0,2,1":[3.284122282686219,3.356703689602896,-0.5214505315781199,0],"3,0,1,2,2,1":[0.1898320874182729,-0.24970149503706424,0,0],"3,2,0,2,2,1":[11.386364310303689,10.370733835628393,5.222721151789381,0],"3,2,1,2,2,1":[3.784217896995044,0,0,0],"2,2,0,0,2,1":[9.657146865651068,0.15584467547094008,0.36428626858970825,0],"3,2,0,0,2,1":[10.41193259220473,5.905360341408851,6.168759647387354,0],"4,2,1,0,2,1":[3.907173210385745,0,0,0],"3,0,0,2,2,1":[4.537535820184931,0.6749819006400568,2.1590198814581285,0],"3,0,0,3,2,1":[6.726735725284838,0.8547802364536166,0.2881677470349888,0],"3,0,0,0,2,1":[2.431977002976857,4.074103795670439,3.4026297043841223,0],"2,0,0,2,2,1":[2.9622777206650235,-0.2554481627009033,-0.34009596018744037,0],"1,2,1,1,2,1":[0.23836980149999837,-0.09536963899317509,0,0],"0,2,0,3,2,1":[0.02470493437969441,0.05039954811186281,0,0],"1,2,0,0,2,1":[3.2930557079353417,0,0,0],"3,1,0,1,2,1":[1.2380756530832269,0.044152314685570154,0.058247818588372344,0],"4,1,0,1,2,1":[3.237306340470836,3.284189911094225,0.4186560855064317,0],"3,0,1,1,2,1":[0.10916191244256558,-0.27455349503728205,-0.08539020000473387,0],"2,0,0,3,2,1":[-0.434162908471858,-0.4293316462260583,0,0],"2,2,0,2,2,1":[9.740108696730399,0.9801020789397483,-0.0015645747247630785,0],"0,2,0,2,2,1":[0.013288203733177576,0,0,0],"1,2,0,1,2,1":[0.842930049607134,0,0,0],"2,1,0,1,2,1":[-0.23741652038026467,0.4581995450771332,0,0],"2,1,1,3,2,1":[0.15889633798036618,0,0,0],"2,0,0,0,2,0":[-0.5431347359082737,-0.19637741295083394,0,0],"2,0,0,1,2,0":[-0.48911259748669345,-0.27261314905995876,0,0],"2,0,0,3,2,0":[-0.31757323575709573,0,-0.5489999999999999,0],"1,2,1,3,2,1":[-0.6,0,0,0],"4,2,1,2,2,1":[5.9720772073342845,0.6531109701236747,-0.029377865040830942,0],"4,2,0,1,2,1":[5.737132800671342,9.2965533487034,4.817471209091827,0],"4,1,1,0,2,1":[1.7262283867374437,0.29656255640734974,-1.2798930973791538,0],"3,2,1,1,2,1":[5.608266122382504,10.517707400304113,0,0],"2,2,0,3,2,1":[8.94965525885754,7.314102598614969,0.1950859664793429,0],"3,2,0,3,2,1":[10.819521873433132,3.7841390485454527,4.437012274772877,0],"4,0,0,1,2,1":[2.736508873603973,1.3316221127979841,-0.01988805479342421,0],"3,0,0,1,2,1":[3.1721953582361313,4.807547615854898,0.1806433087898608,0],"3,2,0,1,2,1":[12.021538117066223,7.779988328188876,0,0],"4,2,0,3,2,1":[9.110017418047335,12.018950156435483,0.45653073916741993,0],"3,1,0,2,2,1":[2.0941404209676504,0.7792132301950113,11.605184106161985,0],"4,1,1,1,2,1":[2.7849158119062114,1.2979572392892456,-0.2193378027378126,0],"4,1,0,3,2,0":[-0.06746033788354958,0.38603986441097937,-6.323133120994343,0],"4,1,0,1,2,0":[-0.02630944835425773,-0.1517548044767688,1.0400502159609275,0],"4,0,0,1,2,0":[-0.5889921424105278,-0.3774372402633259,-0.254422893946285,0],"4,0,0,2,2,0":[-0.44112127908886917,-0.08685467279493067,0,0],"4,0,0,3,2,0":[-0.4559846895797817,-0.3092219828961472,-0.5513139846864451,0],"2,0,1,0,2,1":[-0.37677892463417,0,-0.23940181097202884,0],"1,0,0,2,2,1":[-0.36606734083193876,-0.2502120041725895,0,0],"1,2,0,2,2,1":[4.616898146147891,0,0.0037682449221816574,0],"1,2,0,3,2,1":[4.72337562821168,4.031242210170798,0,0],"4,0,1,2,2,0":[-0.5555630814243748,-0.14456203346282095,0,0],"4,0,0,0,2,0":[-0.6206906401173289,-0.587992181477748,-0.26632168114319155,0],"3,0,0,1,2,0":[-0.4888726493419249,-0.46409696681187734,-0.7319195645314612,0],"3,0,0,0,2,0":[-0.5515038384876241,-0.8530412939406875,-1.1296217591098732,0],"2,2,1,3,2,1":[-0.963324565674949,-0.5970067410078705,0.18628480651202503,0],"3,2,1,3,2,1":[0.032630135244947775,0.8377366196639792,0,0],"2,2,1,2,2,1":[0.836313426929923,0,0,0],"3,1,0,0,2,1":[0.9701121145580961,0.10670984661674611,0,0],"4,0,0,3,2,1":[4.585365553487412,-0.2835951456723678,0.010825704000223639,0],"2,2,1,1,2,1":[3.4713096356034296,4.151873340286175,0,0],"3,2,0,0,2,0":[0.00877631289115746,0,0,0],"3,1,1,1,2,1":[3.9266418179449247,0.002434429793769326,-0.9129976254773791,0],"2,1,0,3,2,1":[-0.15289286198150756,0.3064280079278792,0,0],"3,1,1,0,2,1":[0.5439257640876222,0,0,0],"2,2,1,0,2,1":[0.9289203212473737,0,-1.4098954716871326,0],"2,1,0,0,2,1":[-0.8036733769812767,0,0,0],"1,1,1,3,2,1":[37.72226411700413,0,0,0],"2,0,0,0,2,1":[3.033878040455575,-0.08696856461876473,-0.07529913259892954,0],"2,2,0,1,2,1":[8.655279556503293,0.028067961798044435,0,0],"3,1,0,3,2,1":[2.380623612658009,1.2809761286304264,-4.27738753774753,0],"3,0,1,0,2,1":[-0.13484264125151585,-0.03705385425051556,-0.024635255659853274,0],"4,2,1,1,2,1":[0.5158348407972883,0,0,0],"1,0,1,3,2,1":[0,0,0,0],"4,1,0,3,2,1":[2.89262853210155,2.820594014631395,0.156580371969406,0],"4,1,0,2,2,0":[0.006368260856803432,1.7771934106672738,0,0],"3,2,0,1,2,0":[0.0008682941533871861,0,-0.398401799200125,0],"3,2,1,0,2,1":[6.197037818427395,0.4441682536780367,0,0],"4,1,1,3,2,0":[-0.07755277560614413,0,0,0],"3,0,0,3,2,0":[-0.6851803358245583,-0.20111115335324392,0,0],"2,1,0,2,2,1":[0.5573070495172214,0.4342491732772776,0,0],"1,0,0,1,2,0":[-0.6170079375554378,0,-0.5473550573780146,0],"2,2,0,0,2,0":[0.003071123218920237,0,0,0],"3,1,1,2,2,1":[1.353963539347249,0,-0.9358095867739552,0],"3,0,1,3,2,1":[0.7145142791713539,-0.024198299590209773,0,0],"4,2,1,3,2,1":[0.3618507496717597,0,0,0],"4,2,0,2,2,0":[0.050675621250455424,0,0,0],"4,2,0,3,2,0":[-0.038533060058806606,0,0.3057382008041404,0],"1,1,1,1,2,1":[-3.1439400272291578,0,0,0],"0,1,0,3,2,1":[0.07245700533390555,0,0,0],"1,1,0,0,2,1":[0.03766880532130498,0,0,0],"4,2,0,1,2,0":[-0.0095599519379032,0,0,0],"1,0,0,3,2,1":[0.7567797755445155,0,-1.5005258900902465,0],"0,0,1,2,2,1":[-4.6453511625,0,0,0],"4,1,1,3,2,1":[3.854239102539429,0,0,0],"0,0,0,0,2,1":[-31.22445404725028,-0.14674580237871684,0,0],"1,0,1,1,2,1":[-0.14977511248125,0,0,0],"4,0,1,0,2,1":[-0.12042249239606366,-0.5813265636732923,0,0],"4,0,1,3,2,1":[-0.6144472356210914,0.09053789234686849,0,0],"2,2,1,3,2,0":[-1.5165059067989828,0,0,0],"0,2,1,1,2,1":[-11.372261562766072,0,0,0],"4,1,0,0,2,0":[1.3110503653286072,-0.06170780180605025,-0.01437586757579429,0],"1,2,1,0,2,1":[0.11956837824120806,0,0,0],"2,0,0,1,2,1":[-0.34900742562257353,1.2499992657993553,0.7988112507232042,0],"1,0,0,1,2,1":[0.6483903040916001,-0.2497956676974051,0,0],"2,2,0,1,2,0":[0.00618953114370613,-0.2648047278698491,0,0],"3,2,0,2,2,0":[0.0004184769234950919,0,-0.13719784414410513,0],"1,2,1,3,2,0":[-0.5988008997000376,0,-1.211830904161876,0],"3,0,1,1,2,0":[0,0,-0.5335821988381553,0],"2,1,1,0,2,1":[-0.3445259743504584,0.07715525492222879,0,0],"1,1,0,2,2,1":[0.11601196047050964,0,0,0],"4,0,1,0,2,0":[-0.18670810081961509,-0.1443041425904357,0,0],"3,0,0,2,2,0":[-0.5556922866686218,-0.29557090076111975,-1.0544179501320625,0],"3,1,0,0,2,0":[-0.07790498798840723,0,0,0],"2,0,1,3,2,1":[0.06726878259764635,0,0,0],"1,0,0,0,2,1":[1.1482643710249159,-0.09517568734984813,0,0],"3,1,1,3,2,1":[1.7464532389417633,-0.1597922500271539,0,0],"1,0,0,0,2,0":[-0.4764405384306269,-0.2541607510461994,0,0],"0,2,1,3,2,1":[-0.5982022485005625,0,0,0],"0,0,0,2,2,0":[-14.673290615548922,0,0,0],"0,0,0,1,2,0":[1309.7028615006734,0,0,0],"2,1,1,1,2,1":[-1.2069568661551306,0,25.021328737208286,0],"1,2,0,1,2,0":[0,0,0,0],"4,0,1,1,2,1":[0.6551968412542168,-0.4699605610479877,0,0],"2,1,0,3,2,0":[0,0,-2.896038016631786,0],"0,0,1,3,2,1":[-9.826337863831949,0,0,0],"0,2,0,1,2,1":[0.09300010276116902,0,0,0],"1,0,1,0,2,1":[-0.41043191759011105,0,0,0],"1,1,1,0,2,1":[-0.02161784597863803,0,0,0],"1,1,0,1,2,1":[0.028838671753234436,0,0,0],"2,2,0,2,2,0":[0.0017576839624741803,0,0,0],"4,2,0,0,2,0":[0.0021219735751365843,0,0,0],"2,0,0,2,2,0":[-0.45052037232318015,0,0,0],